name,price,currency
"Tuban, Zestaw kreatywny Super Slime Glow in the dark",20.29,zł,https://ecsmedia.pl/c/tuban-zestaw-kreatywny-super-slime-glow-in-the-dark-p-iext141179015.jpg
"Tuban, zestaw kreatywny Super Slime Ciastko",20.33,zł,https://ecsmedia.pl/c/tuban-zestaw-kreatywny-super-slime-ciastko-p-iext137072188.jpg
Glutek Slime Mr Boo Cola Z Piankowymi Kulkami 90G,7.63,zł,https://ecsmedia.pl/c/glutek-slime-mr-boo-cola-z-piankowymi-kulkami-90g-p-iext119680625.jpg
"Tuban, zestaw kreatywny Super Slime Arbuz",20.29,zł,https://ecsmedia.pl/c/tuban-zestaw-kreatywny-super-slime-arbuz-p-iext141444472.jpg
"Clementoni, zestaw kreatywny Slime - Super Kolorowy",50.89,zł,https://ecsmedia.pl/c/clementoni-zestaw-kreatywny-slime-super-kolorowy-p-iext141516515.jpg
Zestaw Slime Galaxy,74.9,zł,https://ecsmedia.pl/c/zestaw-slime-galaxy-p-iext126513110.jpg
"Aktywator do slime gelly, 250 ml",11.67,zł,https://ecsmedia.pl/c/aktywator-do-slime-gelly-250-ml-p-iext134971103.jpg
"Tuban, Jiggly Slime – Jagoda, 100 g, niebieski",15.07,zł,https://ecsmedia.pl/c/tuban-jiggly-slime-jagoda-100-g-niebieski-p-iext136146795.jpg
"Tuban, zestaw kreatywny Super Slime Truskawka",19.84,zł,https://ecsmedia.pl/c/tuban-zestaw-kreatywny-super-slime-truskawka-p-iext141191237.jpg
Zestaw Slime Prestiż do robienia glutków,104.9,zł,https://ecsmedia.pl/c/zestaw-slime-prestiz-do-robienia-glutkow-p-iext133086014.jpg
"Tuban, Zestaw Slime DIY Kameleon",20.85,zł,https://ecsmedia.pl/c/tuban-zestaw-slime-diy-kameleon-p-iext138654501.jpg
Zestaw super slime XL - Kameleon,44.9,zł,https://ecsmedia.pl/c/zestaw-super-slime-xl-kameleon-p-iext142138795.jpg
Jiggly Slime - turkusowy perłowy 200g,20.07,zł,https://ecsmedia.pl/c/jiggly-slime-turkusowy-perlowy-200g-p-iext141474323.jpg
Masa plastyczna Zestaw super slime -Ciastko XL,45.31,zł,https://ecsmedia.pl/c/masa-plastyczna-zestaw-super-slime-ciastko-xl-p-iext142015467.jpg
"Sandy Slime 300g, fioletowy",16.88,zł,https://ecsmedia.pl/c/sandy-slime-300g-fioletowy-p-iext137072282.jpg
Slime Masa Plastyczna Glutek Różne Kolory,12.24,zł,https://ecsmedia.pl/c/slime-masa-plastyczna-glutek-rozne-kolory-p-iext129892638.jpg
"Tuban, sztuczny śnieg Slime",20.26,zł,https://ecsmedia.pl/c/tuban-sztuczny-snieg-slime-p-iext141440334.jpg
"Tuban, Zestaw Slime DIY Galaxy",26,zł,https://ecsmedia.pl/c/tuban-zestaw-slime-diy-galaxy-p-iext129892662.jpg
"Aktywator do slime, gelly, 500 ml",15.04,zł,https://ecsmedia.pl/c/aktywator-do-slime-gelly-500-ml-p-iext142159047.jpg
"Jiggly Slime Turkusowy Perłowy 100G Tuban, Tuban",13,zł,https://ecsmedia.pl/c/jiggly-slime-turkusowy-perlowy-100g-tuban-tuban-p-iext129927203.jpg
"Elmers, Zestaw kreatywny do slime",60.78,zł,https://ecsmedia.pl/c/elmers-zestaw-kreatywny-do-slime-p-iext136817727.jpg
"Klej PVA do slime, 1 litr",22.35,zł,https://ecsmedia.pl/c/klej-pva-do-slime-1-litr-p-iext141390723.jpg
Slime Smart Uszczelniacz Koło Zapasowe + Kompresor,187.7,zł,https://ecsmedia.pl/c/slime-smart-uszczelniacz-kolo-zapasowe-kompresor-p-iext67171419.jpg
Kubek Slime - 460 Ml - Rimuru,203.57,zł,https://ecsmedia.pl/c/kubek-slime-460-ml-rimuru-p-iext127622616.jpg
Zestaw Super Slime Kolorowe Gluty Naukowa Zabawa,78.98,zł,https://ecsmedia.pl/c/zestaw-super-slime-kolorowe-gluty-naukowa-zabawa-p-iext129897162.jpg
"Tuban, masa plastyczna Super slime - Glow in the dark XL",45.31,zł,https://ecsmedia.pl/c/tuban-masa-plastyczna-super-slime-glow-in-the-dark-xl-p-iext142125137.jpg
Slime Duży Z Dodatkami I Kuleczkami Czerwony,14.4,zł,https://ecsmedia.pl/c/slime-duzy-z-dodatkami-i-kuleczkami-czerwony-p-iext129984542.jpg
SLIME Zestaw do robienia glutów GLUT klej do slime,19,zł,https://ecsmedia.pl/c/slime-zestaw-do-robienia-glutow-glut-klej-do-slime-p-iext129896363.jpg
"Tuban, zestaw kreatywny Super Slime Gold Slime",23.59,zł,https://ecsmedia.pl/c/tuban-zestaw-kreatywny-super-slime-gold-slime-p-iext141441598.jpg
"Tuban, Zestaw Slime DIY Galaxy XL",58.99,zł,https://ecsmedia.pl/c/tuban-zestaw-slime-diy-galaxy-xl-p-iext129892656.jpg
"Slimebox, dodatki do slime Fimo Ważki",13.7,zł,https://ecsmedia.pl/c/slimebox-dodatki-do-slime-fimo-wazki-p-iext129746660.jpg
"Tuban, zestaw kreatywny Super Slime Cloud Slime",24.99,zł,https://ecsmedia.pl/c/tuban-zestaw-kreatywny-super-slime-cloud-slime-p-iext130455705.jpg
"Sandy Slime 300g, różowy",16.88,zł,https://ecsmedia.pl/c/sandy-slime-300g-rozowy-p-iext137072292.jpg
"Astra, Slime owocowy Mix Glutolina Astra Fun, 100 g",11.18,zł,https://ecsmedia.pl/c/astra-slime-owocowy-mix-glutolina-astra-fun-100-g-p-iext137698397.jpg
Kulki styropianowe Slime 0.2l - Różowy,10.99,zł,https://ecsmedia.pl/c/kulki-styropianowe-slime-0-2l-rozowy-p-iext132185933.jpg
Slime Duży Z Dodatkami I Kuleczkami Fioletowy,14.4,zł,https://ecsmedia.pl/c/slime-duzy-z-dodatkami-i-kuleczkami-fioletowy-p-iext129984300.jpg
Zestaw Slime Dr Glut Fruits Owocowy 14W1 Do Robienia Glutów Prezent,77.8,zł,https://ecsmedia.pl/c/zestaw-slime-dr-glut-fruits-owocowy-14w1-do-robienia-glutow-prezent-p-iext133083522.jpg
Antystresowy Slime Kotek Z Brokatem Kitty,5.9,zł,https://ecsmedia.pl/c/antystresowy-slime-kotek-z-brokatem-kitty-p-iext119178437.jpg
"Tuban, masa plastyczna, zestaw Super Slime - Gold Shine Xl",52.71,zł,https://ecsmedia.pl/c/tuban-masa-plastyczna-zestaw-super-slime-gold-shine-xl-p-iext132557883.jpg
Jiggly Slime Zapachowy Czerwona Truskawka 100G,15.82,zł,https://ecsmedia.pl/c/jiggly-slime-zapachowy-czerwona-truskawka-100g-p-iext129931629.jpg
Masa plastyczna Zestaw super slime - Arbuz XL,49.8,zł,https://ecsmedia.pl/c/masa-plastyczna-zestaw-super-slime-arbuz-xl-p-iext129891180.jpg
"Tuban, Zestaw DIY Slime i piasek dynamiczny",23.59,zł,https://ecsmedia.pl/c/tuban-zestaw-diy-slime-i-piasek-dynamiczny-p-iext141627455.jpg
"Stnux, Sandy Slime, zielony, 300 g",16.88,zł,https://ecsmedia.pl/c/stnux-sandy-slime-zielony-300-g-p-iext136924531.jpg
"Play-Doh, tuba Slime, metaliczny fioletowy",10.9,zł,https://ecsmedia.pl/c/play-doh-tuba-slime-metaliczny-fioletowy-p-iext133442166.jpg
Zestaw Slime Only4Girls Dr Glut Robienia Glutów Na Prezent,77.7,zł,https://ecsmedia.pl/c/zestaw-slime-only4girls-dr-glut-robienia-glutow-na-prezent-p-iext133086018.jpg
"Zestaw kreatywny, Slime",46.82,zł,https://ecsmedia.pl/c/zestaw-kreatywny-slime-p-iext140963597.jpg
"Tuban, aktywator do Slime 0,5 l",15.46,zł,https://ecsmedia.pl/c/tuban-aktywator-do-slime-0-5-l-p-iext141897702.jpg
Slime Duży Z Dodatkami I Kuleczkami Niebieski,14.4,zł,https://ecsmedia.pl/c/slime-duzy-z-dodatkami-i-kuleczkami-niebieski-p-iext129984412.jpg
"Elmers półprzezroczysty, kolorowy klej PVA, różowy, 147 ml, do Slime , 1 butelka",26.86,zł,https://ecsmedia.pl/c/elmers-polprzezroczysty-kolorowy-klej-pva-rozowy-147-ml-do-slime-1-butelka-p-iext129872685.jpg
"Elmers zestaw do Slime kolorowego, 4 elementy",60.78,zł,https://ecsmedia.pl/c/elmers-zestaw-do-slime-kolorowego-4-elementy-p-iext131309425.jpg
"Tuban, zestaw kreatywny Sztuczny śnieg Slime",16.14,zł,https://ecsmedia.pl/c/tuban-zestaw-kreatywny-sztuczny-snieg-slime-p-iext141150324.jpg
ZESTAW SLIME DO ROBIENIA GLUTÓW KLEJ Różne Wzory,13,zł,https://ecsmedia.pl/c/zestaw-slime-do-robienia-glutow-klej-rozne-wzory-p-iext129896346.jpg
Kolorowy Slime Glutek Masa Plastyczna Różne Kolory,11.11,zł,https://ecsmedia.pl/c/kolorowy-slime-glutek-masa-plastyczna-rozne-kolory-p-iext129892648.jpg
Zestaw Slime Dr Glut 2X Klej Pva 2X Atywator Do Glutów,40,zł,https://ecsmedia.pl/c/zestaw-slime-dr-glut-2x-klej-pva-2x-atywator-do-glutow-p-iext133083500.jpg
Masa plastyczna Zestaw super slime - Jabłko XL,49.35,zł,https://ecsmedia.pl/c/masa-plastyczna-zestaw-super-slime-jablko-xl-p-iext129889506.jpg
"Klej PVA do tworzenia slime, 500 ml",18.76,zł,https://ecsmedia.pl/c/klej-pva-do-tworzenia-slime-500-ml-p-iext141387179.jpg
Glutek Slime Dla Dzieci Magic Kitty,11.9,zł,https://ecsmedia.pl/c/glutek-slime-dla-dzieci-magic-kitty-p-iext120518897.jpg
"Tuban, zestaw kreatywny Super Slime Jablko",27.5,zł,https://ecsmedia.pl/c/tuban-zestaw-kreatywny-super-slime-jablko-p-iext141241419.jpg
TUBAN Kulki styropianowe w kolorze TURKUSOWYM do slimów i prac plastycznych,13.7,zł,https://ecsmedia.pl/c/tuban-kulki-styropianowe-w-kolorze-turkusowym-do-slimow-i-prac-plastycznych-p-iext130528219.jpg
Slime Duży Z Dodatkami I Kuleczkami Różowy,14.4,zł,https://ecsmedia.pl/c/slime-duzy-z-dodatkami-i-kuleczkami-rozowy-p-iext129984378.jpg
Slime Duży Z Dodatkami I Kuleczkami Żółty,14.4,zł,https://ecsmedia.pl/c/slime-duzy-z-dodatkami-i-kuleczkami-zolty-p-iext129984650.jpg
SLIME DUŻY Zestaw do robienia glutów GLUT klej,17,zł,https://ecsmedia.pl/c/slime-duzy-zestaw-do-robienia-glutow-glut-klej-p-iext129892196.jpg
Rozciągliwy Slime Misiek Masa Różne Kolory,11.92,zł,https://ecsmedia.pl/c/rozciagliwy-slime-misiek-masa-rozne-kolory-p-iext129892644.jpg
"Zestaw do samodzielnego wykonania masy żelowej Slime, Dr Cosmic Slime, zielony",23.95,zł,https://ecsmedia.pl/c/zestaw-do-samodzielnego-wykonania-masy-zelowej-slime-dr-cosmic-slime-zielony-p-iext130261328.jpg
Zestaw Slime Dr Glut Sweet Do Robienia Glutów Prezent,57.7,zł,https://ecsmedia.pl/c/zestaw-slime-dr-glut-sweet-do-robienia-glutow-prezent-p-iext133086087.jpg
"Sandy Slime 300g, niebieski ",16.88,zł,https://ecsmedia.pl/c/sandy-slime-300g-niebieski-p-iext137072214.jpg
Zestaw Tubi Jelly 3 kolory - Zwierzątka,36.75,zł,https://ecsmedia.pl/c/zestaw-tubi-jelly-3-kolory-zwierzatka-p-iext141958536.jpg
"Elmers metaliczny klej PVA, do Slime, turkusowy, 147 ml, 1 butelka",21.35,zł,https://ecsmedia.pl/c/elmers-metaliczny-klej-pva-do-slime-turkusowy-147-ml-1-butelka-p-iext130101562.jpg
"Elmer’s zestaw do Slime metalicznego, 4 elementy",62.61,zł,https://ecsmedia.pl/c/elmer-s-zestaw-do-slime-metalicznego-4-elementy-p-iext132179071.jpg
"Canal Toys, zestaw kreatywny So Slime",253.78,zł,https://ecsmedia.pl/c/canal-toys-zestaw-kreatywny-so-slime-p-iext133085994.jpg
Zestaw Slime Dr Glut Smart Do Glutów Brokat Aktywator Prezent,40,zł,https://ecsmedia.pl/c/zestaw-slime-dr-glut-smart-do-glutow-brokat-aktywator-prezent-p-iext133086068.jpg
"Tuban, masa plastyczna Super slime - Cloud Slime XL",49.8,zł,https://ecsmedia.pl/c/tuban-masa-plastyczna-super-slime-cloud-slime-xl-p-iext141627286.jpg
"Elmers zestaw do Slime kolorowego, w zestawie do Slime, 4 elementy",42.99,zł,https://ecsmedia.pl/c/elmers-zestaw-do-slime-kolorowego-w-zestawie-do-slime-4-elementy-p-iext132352169.jpg
SLIME Zestaw do glutów GLUT Z BROKATEM świeci,16,zł,https://ecsmedia.pl/c/slime-zestaw-do-glutow-glut-z-brokatem-swieci-p-iext129892187.jpg
"Icom, aromat Slime - arbuzowy",11.53,zł,https://ecsmedia.pl/c/icom-aromat-slime-arbuzowy-p-iext129891057.jpg
Zestaw Slime Glut Galareta Kolorowy Slime,22.5,zł,https://ecsmedia.pl/c/zestaw-slime-glut-galareta-kolorowy-slime-p-iext129896419.jpg
"Tuban,  Zestaw super slime XL Diamond, TU3457",58.99,zł,https://ecsmedia.pl/c/tuban-zestaw-super-slime-xl-diamond-tu3457-p-iext129778158.jpg
"Tuban, aromat Slime - malina",10.9,zł,https://ecsmedia.pl/c/tuban-aromat-slime-malina-p-iext130798774.jpg
"Elmers półprzezroczysty, kolorowy klej PVA, niebieski  147 ml, do Slime , 1 butelka",21.21,zł,https://ecsmedia.pl/c/elmers-polprzezroczysty-kolorowy-klej-pva-niebieski-147-ml-do-slime-1-butelka-p-iext131303050.jpg
Zestaw Slime Cookie Dr Glut Do Robienia Glutów Prezent,57.7,zł,https://ecsmedia.pl/c/zestaw-slime-cookie-dr-glut-do-robienia-glutow-prezent-p-iext133086120.jpg
"Elmers metaliczny klej PVA, do Slime, niebieski, 147 ml, 1 butelka",17.95,zł,https://ecsmedia.pl/c/elmers-metaliczny-klej-pva-do-slime-niebieski-147-ml-1-butelka-p-iext130101560.jpg
Eliksir Slime Zestaw Do Robienia Glutów Klej,45,zł,https://ecsmedia.pl/c/eliksir-slime-zestaw-do-robienia-glutow-klej-p-iext129892167.jpg
"Tuban, Slime aromat - brzoskwinia",9.5,zł,https://ecsmedia.pl/c/tuban-slime-aromat-brzoskwinia-p-iext130270067.jpg
"Slimebox, aromaty zestaw do Slime",26.76,zł,https://ecsmedia.pl/c/slimebox-aromaty-zestaw-do-slime-p-iext129746671.jpg
Duży Slime Rozciągliwa Masa Różne Kolory,14.02,zł,https://ecsmedia.pl/c/duzy-slime-rozciagliwa-masa-rozne-kolory-p-iext129897125.jpg
"WatchMe, zestaw kreatywny CHoco Box",68.8,zł,https://ecsmedia.pl/c/watchme-zestaw-kreatywny-choco-box-p-iext133086101.jpg
TĘCZOWY SLIME Zestaw do glutów GLUT Z BROKATEM,20,zł,https://ecsmedia.pl/c/teczowy-slime-zestaw-do-glutow-glut-z-brokatem-p-iext129896384.jpg
Zestaw Tubi Jelly 6 kolorów małe akwarium Syrenka,80.63,zł,https://ecsmedia.pl/c/zestaw-tubi-jelly-6-kolorow-male-akwarium-syrenka-p-iext129895290.jpg
"Elmer’s zestaw do Slime zmieniającego kolor, 4 butelki",56.95,zł,https://ecsmedia.pl/c/elmer-s-zestaw-do-slime-zmieniajacego-kolor-4-butelki-p-iext130101466.jpg
Zestaw Tubi Jelly 6 kolorów małe akwarium Potworki,84.34,zł,https://ecsmedia.pl/c/zestaw-tubi-jelly-6-kolorow-male-akwarium-potworki-p-iext129889547.jpg
Duży Glutek Slime Masa Plastyczna Różne Kolory,10.99,zł,https://ecsmedia.pl/c/duzy-glutek-slime-masa-plastyczna-rozne-kolory-p-iext129892325.jpg
"Zestaw kreatywny, Slime Spooky Elmers",74.85,zł,https://ecsmedia.pl/c/zestaw-kreatywny-slime-spooky-elmers-p-iext131346467.jpg
FABRYKA SLIME + KORALIKI GOTOWY GLUT Różne Kolory,27,zł,https://ecsmedia.pl/c/fabryka-slime-koraliki-gotowy-glut-rozne-kolory-p-iext129892174.jpg
"Elmers metaliczny klej PVA, do Slime, różowy, 147 ml, 1 butelka",22.88,zł,https://ecsmedia.pl/c/elmers-metaliczny-klej-pva-do-slime-rozowy-147-ml-1-butelka-p-iext131309426.jpg
"Elmers kolorowy klej PVA, niebieski, nieprzezroczysty, 147 ml, do Slime, 1 butelka",14.99,zł,https://ecsmedia.pl/c/elmers-kolorowy-klej-pva-niebieski-nieprzezroczysty-147-ml-do-slime-1-butelka-p-iext132183882.jpg
"Tuban, aromat Slime - truskawka",12,zł,https://ecsmedia.pl/c/tuban-aromat-slime-truskawka-p-iext141105911.jpg
"Slime Aromat Czekolada Tuban, Tuban",10.9,zł,https://ecsmedia.pl/c/slime-aromat-czekolada-tuban-tuban-p-iext129931604.jpg
"Elmers klej PVA, zmieniający kolor z żółtego na czerwony, do Slime, 147 ml , 1 butelka",15.99,zł,https://ecsmedia.pl/c/elmers-klej-pva-zmieniajacy-kolor-z-zoltego-na-czerwony-do-slime-147-ml-1-butelka-p-iext132183875.jpg
"Tuban, zestaw kreatywny Super Slime ",39,zł,https://ecsmedia.pl/c/tuban-zestaw-kreatywny-super-slime-p-iext129889483.jpg
TUBAN Kulki styropianowe w kolorze LIMONKA do slimów i prac plastycznych,13.7,zł,https://ecsmedia.pl/c/tuban-kulki-styropianowe-w-kolorze-limonka-do-slimow-i-prac-plastycznych-p-iext130528218.jpg
"Slime Aromat Guma Balonowa Tuban, Tuban",10.9,zł,https://ecsmedia.pl/c/slime-aromat-guma-balonowa-tuban-tuban-p-iext129927204.jpg
"Tuban, masa plastyczna Super slime - Night Sky XL",59.79,zł,https://ecsmedia.pl/c/tuban-masa-plastyczna-super-slime-night-sky-xl-p-iext129889525.jpg
Zestaw Do Robienia Glutów Dr Glut 7W1 Kreatywny,57.7,zł,https://ecsmedia.pl/c/zestaw-do-robienia-glutow-dr-glut-7w1-kreatywny-p-iext133086040.jpg
"Tuban, mały zestaw kreatywny Slime",20.99,zł,https://ecsmedia.pl/c/tuban-maly-zestaw-kreatywny-slime-p-iext129891105.jpg
"Tuban, zestaw brokatów Slime, odcienie natury",6.99,zł,https://ecsmedia.pl/c/tuban-zestaw-brokatow-slime-odcienie-natury-p-iext129895306.jpg
Zestaw Dr Glut Fruits 14W1 Do Robienia Glutów Owoc,89.8,zł,https://ecsmedia.pl/c/zestaw-dr-glut-fruits-14w1-do-robienia-glutow-owoc-p-iext133086117.jpg
SLIME Zestaw do glutów GLUT świeci w ciemności,16,zł,https://ecsmedia.pl/c/slime-zestaw-do-glutow-glut-swieci-w-ciemnosci-p-iext129896352.jpg
Zestaw Dr Glut 4X Kolorowy Klej Pva + Aktywator,59,zł,https://ecsmedia.pl/c/zestaw-dr-glut-4x-kolorowy-klej-pva-aktywator-p-iext133086031.jpg
ZŁOTY SLIME Zestaw do glutów GLUT Z BROKATEM,20,zł,https://ecsmedia.pl/c/zloty-slime-zestaw-do-glutow-glut-z-brokatem-p-iext129896350.jpg
"Tuban, aromat Slime, ananas",11.53,zł,https://ecsmedia.pl/c/tuban-aromat-slime-ananas-p-iext132183888.jpg
Zestaw Slime Dr Glut Ocean Do Robienia Glutów Kreatywny Prezent,77.7,zł,https://ecsmedia.pl/c/zestaw-slime-dr-glut-ocean-do-robienia-glutow-kreatywny-prezent-p-iext133083527.jpg
FABRYKA SLIME + KORALIKI GOTOWY GLUT Różne Kolory,23,zł,https://ecsmedia.pl/c/fabryka-slime-koraliki-gotowy-glut-rozne-kolory-p-iext129892175.jpg
Mini Slime Zielono-Niebieski 2097606 Elmers,28.31,zł,https://ecsmedia.pl/c/mini-slime-zielono-niebieski-2097606-elmers-p-iext129892629.jpg
Mini Slime Czerwono-Złoty 2097607 Elmers,21.22,zł,https://ecsmedia.pl/c/mini-slime-czerwono-zloty-2097607-elmers-p-iext129897121.jpg
SLIME Zestaw do robienia glutów GLUT Z CEKINAMI,18,zł,https://ecsmedia.pl/c/slime-zestaw-do-robienia-glutow-glut-z-cekinami-p-iext129892202.jpg
"Zestaw Animal Party Slime Gotowy 2X 236Ml, Elmer`S",81.1,zł,https://ecsmedia.pl/c/zestaw-animal-party-slime-gotowy-2x-236ml-elmer-s-p-iext129815460.jpg
"Elmers zmywalny kolorowy klej PVA , różowy, nieprzezroczysty, 147 ml , doskonały do Slime , 1 butelka",16.95,zł,https://ecsmedia.pl/c/elmers-zmywalny-kolorowy-klej-pva-rozowy-nieprzezroczysty-147-ml-doskonaly-do-slime-1-butelka-p-iext129743310.jpg
Zestaw Slime Do Robienia Glutów,17,zł,https://ecsmedia.pl/c/zestaw-slime-do-robienia-glutow-p-iext129896377.jpg
"Elmers kolorowy klej PVA, fioletowy, nieprzezroczysty, 147 ml do Slime , 1 butelka",16.95,zł,https://ecsmedia.pl/c/elmers-kolorowy-klej-pva-fioletowy-nieprzezroczysty-147-ml-do-slime-1-butelka-p-iext129743330.jpg
"Playfoam, Masa piankowa z brokatem, modelina, zestaw 4 kolorów",39.41,zł,https://ecsmedia.pl/c/playfoam-masa-piankowa-z-brokatem-modelina-zestaw-4-kolorow-p-iext132235743.jpg
"Mega lab, Slime-produkcja glutów",141,zł,https://ecsmedia.pl/c/mega-lab-slime-produkcja-glutow-p-iext129891199.jpg
"Elmers klej PVA zmieniający kolor z niebieskiego w fioletowy, do Slime, 147 ml, 1 Butelka",28.66,zł,https://ecsmedia.pl/c/elmers-klej-pva-zmieniajacy-kolor-z-niebieskiego-w-fioletowy-do-slime-147-ml-1-butelka-p-iext130514978.jpg
Zestaw Tubi Jelly 3 kolory - Słodycze,33.99,zł,https://ecsmedia.pl/c/zestaw-tubi-jelly-3-kolory-slodycze-p-iext141113164.jpg
SLIME + AKCESORIA GOTOWY GLUTEK Różne Kolory,14,zł,https://ecsmedia.pl/c/slime-akcesoria-gotowy-glutek-rozne-kolory-p-iext129892158.jpg
SLIME + AKCESORIA GOTOWY GLUTEK Różne Kolory,15,zł,https://ecsmedia.pl/c/slime-akcesoria-gotowy-glutek-rozne-kolory-p-iext129896325.jpg
"Aromaty do slime, 5 sztuk po 15m",26.76,zł,https://ecsmedia.pl/c/aromaty-do-slime-5-sztuk-po-15m-p-iext129746632.jpg
FABRYKA SLIME + KORALIKI GOTOWY GLUT Różne Kolory,25,zł,https://ecsmedia.pl/c/fabryka-slime-koraliki-gotowy-glut-rozne-kolory-p-iext129892166.jpg
SLIME Zestaw do glutów GLUT świeci w ciemności,19,zł,https://ecsmedia.pl/c/slime-zestaw-do-glutow-glut-swieci-w-ciemnosci-p-iext129892159.jpg
MASA PLASTYCZNA Z KULKAMI GLUTEK RÓŻNE KOLORY,8.99,zł,https://ecsmedia.pl/c/masa-plastyczna-z-kulkami-glutek-rozne-kolory-p-iext129896626.jpg
SLIME Zestaw do glutów GLUT Z BROKATEM,20,zł,https://ecsmedia.pl/c/slime-zestaw-do-glutow-glut-z-brokatem-p-iext129896366.jpg
Zestaw Dr Glut Smart Do Glutów Brokat Aktywator,40,zł,https://ecsmedia.pl/c/zestaw-dr-glut-smart-do-glutow-brokat-aktywator-p-iext133086088.jpg
Myśląca Sprytna Brokatowa Masa Magiczna - Hit,28.99,zł,https://ecsmedia.pl/c/myslaca-sprytna-brokatowa-masa-magiczna-hit-p-iext138187703.jpg
Hipo żel w rogu jednorożca 75430,12.92,zł,https://ecsmedia.pl/c/hipo-zel-w-rogu-jednorozca-75430-p-iext137936936.jpg
TUBAN Barwnik do SLIMA w kolorze niebieskim 35 ml,11.53,zł,https://ecsmedia.pl/c/tuban-barwnik-do-slima-w-kolorze-niebieskim-35-ml-p-iext141177369.jpg
Zestaw Tubi Jelly 6 kolorów - Syrenka,59.86,zł,https://ecsmedia.pl/c/zestaw-tubi-jelly-6-kolorow-syrenka-p-iext140160303.jpg
TUBAN Barwnik do SLIMA w kolorze czerwonym 35 ml,11.53,zł,https://ecsmedia.pl/c/tuban-barwnik-do-slima-w-kolorze-czerwonym-35-ml-p-iext129891523.jpg
PIANKOLINA MASA PLASTYCZNA + FOREMKI Różne Kolory,20,zł,https://ecsmedia.pl/c/piankolina-masa-plastyczna-foremki-rozne-kolory-p-iext129896504.jpg
Piankolina Masa Plastyczna Z Foremkami Zestaw,26,zł,https://ecsmedia.pl/c/piankolina-masa-plastyczna-z-foremkami-zestaw-p-iext129896495.jpg
TUBAN Aromat do SLIMA o zapachu JAGODY 35 ml,9.5,zł,https://ecsmedia.pl/c/tuban-aromat-do-slima-o-zapachu-jagody-35-ml-p-iext130269999.jpg
TUBAN Kulki styropianowe w kolorze FIOLETOWYM do slimów i prac plastycznych,13.7,zł,https://ecsmedia.pl/c/tuban-kulki-styropianowe-w-kolorze-fioletowym-do-slimow-i-prac-plastycznych-p-iext132190989.jpg
Zestaw Tubi Jelly 3 kolory - Lama,32.99,zł,https://ecsmedia.pl/c/zestaw-tubi-jelly-3-kolory-lama-p-iext132560784.jpg
TUBAN Aromat do SLIMA o zapachu JABŁKA  35 ml,11.53,zł,https://ecsmedia.pl/c/tuban-aromat-do-slima-o-zapachu-jablka-35-ml-p-iext141105912.jpg
Zestaw Dr Glut Sweet Do Robienia Glutów Prezent,79,zł,https://ecsmedia.pl/c/zestaw-dr-glut-sweet-do-robienia-glutow-prezent-p-iext133086145.jpg
"SES Creative, zestaw kreatywny Moje pierwsze kolorowanie wodą fantazyjne zwierzątka",57.73,zł,https://ecsmedia.pl/c/ses-creative-zestaw-kreatywny-moje-pierwsze-kolorowanie-woda-fantazyjne-zwierzatka-p-iext129889530.jpg
CIASTOLINA + AKCESORIA foremki ZESTAW ARTYSTYCZNY,22.5,zł,https://ecsmedia.pl/c/ciastolina-akcesoria-foremki-zestaw-artystyczny-p-iext129892328.jpg
Ciastolina Plastelina Zestaw Z Foremkami Akcesoria,22.5,zł,https://ecsmedia.pl/c/ciastolina-plastelina-zestaw-z-foremkami-akcesoria-p-iext129892430.jpg
CIASTOLINA zestaw z foremkami AKCESORIA Wyciskarka,35,zł,https://ecsmedia.pl/c/ciastolina-zestaw-z-foremkami-akcesoria-wyciskarka-p-iext129896625.jpg
Ciastolina + Akcesoria Zestaw Sklep Kasa Sklepowa,45,zł,https://ecsmedia.pl/c/ciastolina-akcesoria-zestaw-sklep-kasa-sklepowa-p-iext129892647.jpg
Dumel 14268/40257 Aqua Gelz Kolory Bazowe,32.19,zł,https://ecsmedia.pl/c/dumel-14268-40257-aqua-gelz-kolory-bazowe-p-iext132235836.jpg
Skacząca masa glutek magiczna masa rozciągliwa,9,zł,https://ecsmedia.pl/c/skaczaca-masa-glutek-magiczna-masa-rozciagliwa-p-iext129896461.jpg
CIASTOLINA + AKCESORIA foremki ZESTAW DOMKÓW,32,zł,https://ecsmedia.pl/c/ciastolina-akcesoria-foremki-zestaw-domkow-p-iext129896632.jpg
Ciastolina + Akcesoria Hamburger Bar Fastfood,14,zł,https://ecsmedia.pl/c/ciastolina-akcesoria-hamburger-bar-fastfood-p-iext129896807.jpg
Zestaw Cookie Dr Glut Do Robienia Glutów Prezent,79,zł,https://ecsmedia.pl/c/zestaw-cookie-dr-glut-do-robienia-glutow-prezent-p-iext133083537.jpg
CIASTOLINA + AKCESORIA foremki ZESTAW ARTYSTYCZNY,26,zł,https://ecsmedia.pl/c/ciastolina-akcesoria-foremki-zestaw-artystyczny-p-iext129892347.jpg
CIASTOLINA + AKCESORIA foremki ZESTAW ARTYSTYCZNY,22.5,zł,https://ecsmedia.pl/c/ciastolina-akcesoria-foremki-zestaw-artystyczny-p-iext129896671.jpg
Ciastolina Masa Plastyczna Foremki Różne Kolory,24,zł,https://ecsmedia.pl/c/ciastolina-masa-plastyczna-foremki-rozne-kolory-p-iext129892400.jpg
TUBAN Barwnik do SLIMA w kolorze żółtym 35 ml,10.9,zł,https://ecsmedia.pl/c/tuban-barwnik-do-slima-w-kolorze-zoltym-35-ml-p-iext129891191.jpg
Skaczący glutek magiczna masa rozciągliwa kolory,10,zł,https://ecsmedia.pl/c/skaczacy-glutek-magiczna-masa-rozciagliwa-kolory-p-iext129896433.jpg
CIASTOLINA + AKCESORIA foremki ZESTAW ARTYSTYCZNY,20.69,zł,https://ecsmedia.pl/c/ciastolina-akcesoria-foremki-zestaw-artystyczny-p-iext129892371.jpg
CIASTOLINA PLASTELINA zestaw z foremkami AKCESORIA,21.99,zł,https://ecsmedia.pl/c/ciastolina-plastelina-zestaw-z-foremkami-akcesoria-p-iext129892312.jpg
Zestaw Tubi Jelly 6 kolorow - Potworki,68.29,zł,https://ecsmedia.pl/c/zestaw-tubi-jelly-6-kolorow-potworki-p-iext140337070.jpg
TUBAN Aromat do SLIMA o zapachu BANANA 35 ml,6.9,zł,https://ecsmedia.pl/c/tuban-aromat-do-slima-o-zapachu-banana-35-ml-p-iext132179070.jpg
Zestaw Tubi Jelly 6 kolorów - Lama,71.49,zł,https://ecsmedia.pl/c/zestaw-tubi-jelly-6-kolorow-lama-p-iext140160307.jpg
CIASTOLINA + FOREMKI Morskie Życie ZESTAW,26,zł,https://ecsmedia.pl/c/ciastolina-foremki-morskie-zycie-zestaw-p-iext129896635.jpg
Skaczący glutek rozciągliwa magiczna masa kolory,10,zł,https://ecsmedia.pl/c/skaczacy-glutek-rozciagliwa-magiczna-masa-kolory-p-iext129896478.jpg
ZESTAW CIASTOLINA z foremkami AKCESORIA do zabawy,22.5,zł,https://ecsmedia.pl/c/zestaw-ciastolina-z-foremkami-akcesoria-do-zabawy-p-iext129896464.jpg
Ciastolina Zestaw Z Foremkami Różne Kolory,12,zł,https://ecsmedia.pl/c/ciastolina-zestaw-z-foremkami-rozne-kolory-p-iext129896769.jpg
CIASTOLINA Z FOREMKAMI DLA CHŁOPCÓW KREATYWNA,22.5,zł,https://ecsmedia.pl/c/ciastolina-z-foremkami-dla-chlopcow-kreatywna-p-iext132176881.jpg
Beczka Kolorowego Gluta Ciągnący Glutek Prezent,20.48,zł,https://ecsmedia.pl/c/beczka-kolorowego-gluta-ciagnacy-glutek-prezent-p-iext138185652.jpg
"GLOOPERS, Zestaw mikstur",20.9,zł,https://ecsmedia.pl/c/gloopers-zestaw-mikstur-p-iext129895577.jpg
Zestaw Kreatywny Stylizator Z Tubkami Ciastolina,30,zł,https://ecsmedia.pl/c/zestaw-kreatywny-stylizator-z-tubkami-ciastolina-p-iext129892412.jpg
CIASTOLINA PLASTELINA zestaw z foremkami AKCESORIA,18,zł,https://ecsmedia.pl/c/ciastolina-plastelina-zestaw-z-foremkami-akcesoria-p-iext134517064.jpg
Kreatywny Zestaw Stylizator Z Tubkami Ciastolina,50,zł,https://ecsmedia.pl/c/kreatywny-zestaw-stylizator-z-tubkami-ciastolina-p-iext129892429.jpg
Kryształowy Slime Jednorożec Kolory,11.33,zł,https://ecsmedia.pl/c/krysztalowy-slime-jednorozec-kolory-p-iext138129852.jpg
Slime Jiggly - zielony Jabłko 200g,20.07,zł,https://ecsmedia.pl/c/slime-jiggly-zielony-jablko-200g-p-iext79821608.jpg
Ciastolina z foremkami akcesoria duży zestaw 1kg+,46,zł,https://ecsmedia.pl/c/ciastolina-z-foremkami-akcesoria-duzy-zestaw-1kg-p-iext129896578.jpg
SLIME + AKCESORIA GOTOWY GLUTEK Różne Kolory,15,zł,https://ecsmedia.pl/c/slime-akcesoria-gotowy-glutek-rozne-kolory-p-iext129896300.jpg
"Elmers kolorowy klej PVA, zielony, nieprzezroczysty, 147 ml, do Slime , 1 butelka",14.99,zł,https://ecsmedia.pl/c/elmers-kolorowy-klej-pva-zielony-nieprzezroczysty-147-ml-do-slime-1-butelka-p-iext132179100.jpg
Kreatywny Zestaw Do Stylizacji Tubki Ciastolina,50,zł,https://ecsmedia.pl/c/kreatywny-zestaw-do-stylizacji-tubki-ciastolina-p-iext129896764.jpg
Masa plastyczna Zestaw super slime - Truskawka XL,49.35,zł,https://ecsmedia.pl/c/masa-plastyczna-zestaw-super-slime-truskawka-xl-p-iext123228383.jpg
name,price,currency
Tru,23.48,zł,https://ecsmedia.pl/c/tru-p-iext122069461.jpg
Tru,16.9,zł,https://ecsmedia.pl/c/tru-p-iext54289709.jpg
Tru Plus Elektrostymulator Ból Plecy Stawy,272.48,zł,https://ecsmedia.pl/c/tru-plus-elektrostymulator-bol-plecy-stawy-p-iext120909203.jpg
Tru Plus Elektroda Wymienna 2 Szt. Ból Pleców,69.99,zł,https://ecsmedia.pl/c/tru-plus-elektroda-wymienna-2-szt-bol-plecow-p-iext120910614.jpg
"4F, Saszetka na ramię, H4Z22-TRU005 20S, Rozmiar uniwersalny",64.99,zł,https://ecsmedia.pl/c/4f-saszetka-na-ramie-h4z22-tru005-20s-rozmiar-uniwersalny-p-iext120646689.jpg
Etenszyn: Drimz Kamyn Tru,36.79,zł,https://ecsmedia.pl/c/etenszyn-drimz-kamyn-tru-p-iext104216452.jpg
Sztywny Organizer Do Bagażnika Auta Samochodu Składany Torba Wysoka Jakość Tru-01,34.99,zł,https://ecsmedia.pl/c/sztywny-organizer-do-bagaznika-auta-samochodu-skladany-torba-wysoka-jakosc-tru-01-p-iext138978444.jpg
"Outhorn, Saszetka na ramię, HOL19-TRU611 43S, zielony",48.99,zł,https://ecsmedia.pl/c/outhorn-saszetka-na-ramie-hol19-tru611-43s-zielony-p-iext62447226.jpg
Torebka na ramię 4F głęboka czerń H4L21 TRU002 20S,59.99,zł,https://ecsmedia.pl/c/torebka-na-ramie-4f-gleboka-czern-h4l21-tru002-20s-p-iext129877590.jpg
"4F, Saszetka na ramię, H4Z22-TRU002 82S, Rozmiar uniwersalny",49.01,zł,https://ecsmedia.pl/c/4f-saszetka-na-ramie-h4z22-tru002-82s-rozmiar-uniwersalny-p-iext120646756.jpg
"4F, Saszetka na ramię, H4Z22-TRU002 21S, Rozmiar uniwersalny",55.99,zł,https://ecsmedia.pl/c/4f-saszetka-na-ramie-h4z22-tru002-21s-rozmiar-uniwersalny-p-iext120646675.jpg
Tru Plus Elektroda Wymienna Ból Karku I Szyi 2 Szt,82.35,zł,https://ecsmedia.pl/c/tru-plus-elektroda-wymienna-bol-karku-i-szyi-2-szt-p-iext120916133.jpg
Saszetka na dokumenty 4F H4L22-TRU009 r.one size,99.99,zł,https://ecsmedia.pl/c/saszetka-na-dokumenty-4f-h4l22-tru009-r-one-size-p-iext137042253.jpg
Saszetka na dokumenty 4F H4L22-TRU009 r.one size,99.99,zł,https://ecsmedia.pl/c/saszetka-na-dokumenty-4f-h4l22-tru009-r-one-size-p-iext137042202.jpg
Pudełko prezentowe TRU VIRTU małe,15.99,zł,https://ecsmedia.pl/c/pudelko-prezentowe-tru-virtu-male-p-iext129098362.jpg
Tru+ Elektrostymulator Przeciwbólowy Na Ból Karku,283.28,zł,https://ecsmedia.pl/c/tru-elektrostymulator-przeciwbolowy-na-bol-karku-p-iext120916139.jpg
"Bobovita Porcja Zbóż Mlcz 3 Zboża Mal-Tru-Ban, 210G",11.39,zł,https://ecsmedia.pl/c/bobovita-porcja-zboz-mlcz-3-zboza-mal-tru-ban-210g-p-iext136805988.jpg
Kratka wentylacyjna Awenta TRU8 250x250 biała,11.45,zł,https://ecsmedia.pl/c/kratka-wentylacyjna-awenta-tru8-250x250-biala-p-iext115768981.jpg
"4F, Saszetka na ramię, 21S, H4Z22-TRU001",139.54,zł,https://ecsmedia.pl/c/4f-saszetka-na-ramie-21s-h4z22-tru001-p-iext121198717.jpg
Koszulka Tru-Spec Short Sleeve T-Shirts P/C-M,78,zł,https://ecsmedia.pl/c/koszulka-tru-spec-short-sleeve-t-shirts-p-c-m-p-iext123276335.jpg
Kurtka Tru-Spec 3-in-1 Weathershiell Jacket Black (2480)-XL-Regular,800,zł,https://ecsmedia.pl/c/kurtka-tru-spec-3-in-1-weathershiell-jacket-black-2480-xl-regular-p-iext123281414.jpg
Kurtka Tru-Spec 3-in-1 Weathershiell Jacket Black (2480)-M-Regular,800,zł,https://ecsmedia.pl/c/kurtka-tru-spec-3-in-1-weathershiell-jacket-black-2480-m-regular-p-iext123281374.jpg
Spodnie Tru-Spec 24-7 ST Cargo Pants Black - 1024-30,238,zł,https://ecsmedia.pl/c/spodnie-tru-spec-24-7-st-cargo-pants-black-1024-30-32-p-iext140354913.jpg
Spodnie Tru-Spec 24-7 Tactical Pants RipStop Black (1062)-30,258,zł,https://ecsmedia.pl/c/spodnie-tru-spec-24-7-tactical-pants-ripstop-black-1062-30-32-p-iext140352317.jpg
Spodnie  Tru-Spec   BDU TROUSERS - 1523.006BK 2LX  REG-L-Regular,235,zł,https://ecsmedia.pl/c/spodnie-tru-spec-bdu-trousers-1523-006bk-2lx-reg-l-regular-p-iext140352306.jpg
Koszula Tru-Spec 24-7 Concealed Design Shirt Poplin Royal Blue (1222)-XL-Regular,318,zł,https://ecsmedia.pl/c/koszula-tru-spec-24-7-concealed-design-shirt-poplin-royal-blue-1222-xl-regular-p-iext134797900.jpg
Spodnie  Tru-Spec   BDU TROUSERS - 1523.006BK 2LX  REG-M-Regular,235,zł,https://ecsmedia.pl/c/spodnie-tru-spec-bdu-trousers-1523-006bk-2lx-reg-m-regular-p-iext140354911.jpg
"4F, Saszetka na ramię, H4Z22-TRU004 25S, Rozmiar uniwersalny",59.99,zł,https://ecsmedia.pl/c/4f-saszetka-na-ramie-h4z22-tru004-25s-rozmiar-uniwersalny-p-iext120646732.jpg
Tru Blue,94.59,zł,https://ecsmedia.pl/c/tru-blue-p-iext56877361.jpg
Kratka wentylacyjna Awenta TRU6 200x200 biała,8.28,zł,https://ecsmedia.pl/c/kratka-wentylacyjna-awenta-tru6-200x200-biala-p-iext115772750.jpg
CA T T H E CA TRU,88,zł,https://ecsmedia.pl/c/ca-t-t-h-e-ca-tru-p-iext124024680.jpg
Best Of Tru,50.99,zł,https://ecsmedia.pl/c/best-of-tru-p-iext125292472.jpg
The Best Of Tru,50.99,zł,https://ecsmedia.pl/c/the-best-of-tru-p-iext125263416.jpg
Tru La La Es Total!,45.99,zł,https://ecsmedia.pl/c/tru-la-la-es-total-p-iext125313444.jpg
Los Exagerados de Tru La La,45.99,zł,https://ecsmedia.pl/c/los-exagerados-de-tru-la-la-p-iext125309886.jpg
Tru La La: Discografía Completa Vol.5,45.99,zł,https://ecsmedia.pl/c/tru-la-la-discografia-completa-vol-5-p-iext125140566.jpg
Tru La La: Discografía Completa Vol.7,58.99,zł,https://ecsmedia.pl/c/tru-la-la-discografia-completa-vol-7-p-iext125311535.jpg
Tru La La Inmortal (En Vivo),45.99,zł,https://ecsmedia.pl/c/tru-la-la-inmortal-en-vivo-p-iext125811494.jpg
Tru La La: Discografía Completa Vol.1,45.99,zł,https://ecsmedia.pl/c/tru-la-la-discografia-completa-vol-1-p-iext125140816.jpg
Canta Jean Carlos - Su paso por Tru La,45.99,zł,https://ecsmedia.pl/c/canta-jean-carlos-su-paso-por-tru-la-p-iext125137029.jpg
Tru La La - Adelanto 2008,45.99,zł,https://ecsmedia.pl/c/tru-la-la-adelanto-2008-p-iext125133582.jpg
Gary: Mi Paso por Tru La La,45.99,zł,https://ecsmedia.pl/c/gary-mi-paso-por-tru-la-la-p-iext125138242.jpg
Tru La La: Discografía Completa Vol.3,45.99,zł,https://ecsmedia.pl/c/tru-la-la-discografia-completa-vol-3-p-iext125133479.jpg
Tru La La: 10 Años,45.99,zł,https://ecsmedia.pl/c/tru-la-la-10-anos-p-iext125313525.jpg
Tru La La 2002,45.99,zł,https://ecsmedia.pl/c/tru-la-la-2002-p-iext125387446.jpg
Simplemente Tru La La,45.99,zł,https://ecsmedia.pl/c/simplemente-tru-la-la-p-iext125308796.jpg
La Vida por Tru La La,45.99,zł,https://ecsmedia.pl/c/la-vida-por-tru-la-la-p-iext125328459.jpg
Tru La La por Siempre,45.99,zł,https://ecsmedia.pl/c/tru-la-la-por-siempre-p-iext125322137.jpg
Tru La La en el Alma,45.99,zł,https://ecsmedia.pl/c/tru-la-la-en-el-alma-p-iext126046173.jpg
Tru La La: Discografía Completa Vol.6,58.99,zł,https://ecsmedia.pl/c/tru-la-la-discografia-completa-vol-6-p-iext125133396.jpg
Tru La La: Discografía Completa Vol.4,45.99,zł,https://ecsmedia.pl/c/tru-la-la-discografia-completa-vol-4-p-iext125134874.jpg
Buty Trusox Tru Tenaci FG *ST r. 41 1/2,1162.99,zł,https://ecsmedia.pl/c/buty-trusox-tru-tenaci-fg-st-r-41-1-2-p-iext109961846.jpg
"4F, Saszetka na ramię, H4Z22-TRU004 21S, Rozmiar uniwersalny",160.39,zł,https://ecsmedia.pl/c/4f-saszetka-na-ramie-h4z22-tru004-21s-rozmiar-uniwersalny-p-iext120650753.jpg
Buty Trusox Tru Tenaci FG *ST r. 45 1/2,1162.99,zł,https://ecsmedia.pl/c/buty-trusox-tru-tenaci-fg-st-r-45-1-2-p-iext109961712.jpg
Danone Ale Pitny Kubek Tru/Ban 300G,4.97,zł,https://ecsmedia.pl/c/danone-ale-pitny-kubek-tru-ban-300g-p-iext124592391.jpg
Struny do Gitary Akustycznej 11-52 Rotosound Tru Bronze,35.9,zł,https://ecsmedia.pl/c/struny-do-gitary-akustycznej-11-52-rotosound-tru-bronze-p-iext123060127.jpg
Kratka wentylacyjna 150x150mm biała siatka TRU2,9.33,zł,https://ecsmedia.pl/c/kratka-wentylacyjna-150x150mm-biala-siatka-tru2-p-iext115767331.jpg
Da Tru Skool,76,zł,https://ecsmedia.pl/c/da-tru-skool-p-iext122813457.jpg
Buty Trusox Tru Tenaci FG *ST r. 40 1/2,1162.99,zł,https://ecsmedia.pl/c/buty-trusox-tru-tenaci-fg-st-r-40-1-2-p-iext109961881.jpg
"4F, Saszetka na ramię, H4Z22-TRU002 31S, Rozmiar uniwersalny",139.54,zł,https://ecsmedia.pl/c/4f-saszetka-na-ramie-h4z22-tru002-31s-rozmiar-uniwersalny-p-iext120646703.jpg
Tru & Nelle,86,zł,https://ecsmedia.pl/c/tru-nelle-p-iext142341403.jpg
Tru & Nelle - eine Weihnachtsgeschichte,90,zł,https://ecsmedia.pl/c/tru-nelle-eine-weihnachtsgeschichte-p-iext142325758.jpg
"4F, Saszetka na ramię, H4Z22-TRU002 25S, Rozmiar uniwersalny",139.75,zł,https://ecsmedia.pl/c/4f-saszetka-na-ramie-h4z22-tru002-25s-rozmiar-uniwersalny-p-iext120646734.jpg
Based On A T.R.U. Story (Chopped Not Slopped),60.99,zł,https://ecsmedia.pl/c/based-on-a-t-r-u-story-chopped-not-slopped-p-iext125249553.jpg
Vũ Trụ Cò Bay,43.99,zł,https://ecsmedia.pl/c/vu-tru-co-bay-p-iext137171235.jpg
Tru,7.49,zł,https://ecsmedia.pl/c/tru-p-iext125514700.jpg
Based On A T.R.U. Story,37.99,zł,https://ecsmedia.pl/c/based-on-a-t-r-u-story-p-iext125533395.jpg
Stay Tru,3.49,zł,https://ecsmedia.pl/c/stay-tru-p-iext125873086.jpg
Tru 2 Da Game,74.99,zł,https://ecsmedia.pl/c/tru-2-da-game-p-iext125279033.jpg
TRU COLORS,35.99,zł,https://ecsmedia.pl/c/tru-colors-p-iext125160910.jpg
Tru to Myself,7.99,zł,https://ecsmedia.pl/c/tru-to-myself-p-iext126193173.jpg
Etenszyn: Drimz Kamyn Tru,45.99,zł,https://ecsmedia.pl/c/etenszyn-drimz-kamyn-tru-p-iext125805714.jpg
COME TRU,5.49,zł,https://ecsmedia.pl/c/come-tru-p-iext126013359.jpg
Dreams Can Come Tru,35.99,zł,https://ecsmedia.pl/c/dreams-can-come-tru-p-iext125758358.jpg
Tru Luv,7.49,zł,https://ecsmedia.pl/c/tru-luv-p-iext125584045.jpg
Tru Colors,4.99,zł,https://ecsmedia.pl/c/tru-colors-p-iext126223128.jpg
Truu,5.49,zł,https://ecsmedia.pl/c/truu-p-iext126206571.jpg
TRU RELIGION,5.49,zł,https://ecsmedia.pl/c/tru-religion-p-iext125937741.jpg
Tru Love,5.49,zł,https://ecsmedia.pl/c/tru-love-p-iext125835772.jpg
Những bài hát trữ tình hay nhất - Dương Minh Ngọc,24.99,zł,https://ecsmedia.pl/c/nhung-bai-hat-tru-tinh-hay-nhat-duong-minh-ngoc-p-iext126118468.jpg
TRU RELIGION,5.49,zł,https://ecsmedia.pl/c/tru-religion-p-iext125940784.jpg
Tru Master EP,15.99,zł,https://ecsmedia.pl/c/tru-master-ep-p-iext125550043.jpg
Vũ Trụ Song Song,15.99,zł,https://ecsmedia.pl/c/vu-tru-song-song-p-iext126179813.jpg
Những Bài Hát Trữ Tình Hay Nhất - Dương Minh Ngọc,24.99,zł,https://ecsmedia.pl/c/nhung-bai-hat-tru-tinh-hay-nhat-duong-minh-ngoc-p-iext126069625.jpg
Phù Thủy Biêt Mọi Thứ Trừ Yêu,5.49,zł,https://ecsmedia.pl/c/phu-thuy-biet-moi-thu-tru-yeu-p-iext125951576.jpg
Vũ Trụ Có Anh,5.49,zł,https://ecsmedia.pl/c/vu-tru-co-anh-p-iext132638190.jpg
Understanding The Criminal Mind,23.99,zł,https://ecsmedia.pl/c/understanding-the-criminal-mind-p-iext103041889.jpg
Da Crime Family,60.99,zł,https://ecsmedia.pl/c/da-crime-family-p-iext125279762.jpg
To Those Who,65.99,zł,https://ecsmedia.pl/c/to-those-who-p-iext47610158.jpg
Magnetica,52.89,zł,https://ecsmedia.pl/c/magnetica-p-iext54605071.jpg
Maestro,45.99,zł,https://ecsmedia.pl/c/maestro-p-iext125138915.jpg
True,50.99,zł,https://ecsmedia.pl/c/true-p-iext125294571.jpg
Putus,5.49,zł,https://ecsmedia.pl/c/putus-p-iext125900193.jpg
Juara Drama,5.49,zł,https://ecsmedia.pl/c/juara-drama-p-iext125772240.jpg
Don't Call Me Baby,6.49,zł,https://ecsmedia.pl/c/don-t-call-me-baby-p-iext125058258.jpg
Pop Off,5.49,zł,https://ecsmedia.pl/c/pop-off-p-iext125564411.jpg
Georgia,5.49,zł,https://ecsmedia.pl/c/georgia-p-iext125544415.jpg
G-Wagon,5.49,zł,https://ecsmedia.pl/c/g-wagon-p-iext125553824.jpg
Play My Song,5.49,zł,https://ecsmedia.pl/c/play-my-song-p-iext125779756.jpg
Lavish,7.49,zł,https://ecsmedia.pl/c/lavish-p-iext125512490.jpg
Virgil Discount,5.49,zł,https://ecsmedia.pl/c/virgil-discount-p-iext125556004.jpg
Woo,5.49,zł,https://ecsmedia.pl/c/woo-p-iext125561528.jpg
Woo,5.49,zł,https://ecsmedia.pl/c/woo-p-iext125553689.jpg
New Levels New Devils,5.49,zł,https://ecsmedia.pl/c/new-levels-new-devils-p-iext125567636.jpg
Sense To You,6.49,zł,https://ecsmedia.pl/c/sense-to-you-p-iext125070810.jpg
G-Wagon,5.49,zł,https://ecsmedia.pl/c/g-wagon-p-iext125565867.jpg
Access,5.49,zł,https://ecsmedia.pl/c/access-p-iext125489802.jpg
Pop Off,5.49,zł,https://ecsmedia.pl/c/pop-off-p-iext125556490.jpg
Shoot It Out,5.49,zł,https://ecsmedia.pl/c/shoot-it-out-p-iext125546797.jpg
How I Feel,5.49,zł,https://ecsmedia.pl/c/how-i-feel-p-iext125562339.jpg
No Face No Case,43.99,zł,https://ecsmedia.pl/c/no-face-no-case-p-iext125559979.jpg
Virgil Discount,5.49,zł,https://ecsmedia.pl/c/virgil-discount-p-iext125553393.jpg
"Trula, Mi Amor!",45.99,zł,https://ecsmedia.pl/c/trula-mi-amor-p-iext125309622.jpg
How I Feel,5.49,zł,https://ecsmedia.pl/c/how-i-feel-p-iext125556620.jpg
Might Be,5.49,zł,https://ecsmedia.pl/c/might-be-p-iext125501745.jpg
Shoot It Out,5.49,zł,https://ecsmedia.pl/c/shoot-it-out-p-iext125549321.jpg
Una Pasión,45.99,zł,https://ecsmedia.pl/c/una-pasion-p-iext125330923.jpg
Strange Love,5.49,zł,https://ecsmedia.pl/c/strange-love-p-iext127462662.jpg
New Levels New Devils,5.49,zł,https://ecsmedia.pl/c/new-levels-new-devils-p-iext125568035.jpg
Drip,5.49,zł,https://ecsmedia.pl/c/drip-p-iext126266373.jpg
Georgia,5.49,zł,https://ecsmedia.pl/c/georgia-p-iext125549546.jpg
Esenciales,45.99,zł,https://ecsmedia.pl/c/esenciales-p-iext125556307.jpg
Freak Like Me,12.99,zł,https://ecsmedia.pl/c/freak-like-me-p-iext125299059.jpg
Trula Se Siente,45.99,zł,https://ecsmedia.pl/c/trula-se-siente-p-iext125309483.jpg
30 Años y Algo Más,45.99,zł,https://ecsmedia.pl/c/30-anos-y-algo-mas-p-iext125334919.jpg
De Corazón,45.99,zł,https://ecsmedia.pl/c/de-corazon-p-iext125309579.jpg
Brillante,45.99,zł,https://ecsmedia.pl/c/brillante-p-iext125137221.jpg
Cultura Cordobesa,45.99,zł,https://ecsmedia.pl/c/cultura-cordobesa-p-iext125133415.jpg
Máxima Energía,45.99,zł,https://ecsmedia.pl/c/maxima-energia-p-iext125317679.jpg
De Una,45.99,zł,https://ecsmedia.pl/c/de-una-p-iext125307203.jpg
20 Años,58.99,zł,https://ecsmedia.pl/c/20-anos-p-iext125140638.jpg
No Te Mueras Nunca,45.99,zł,https://ecsmedia.pl/c/no-te-mueras-nunca-p-iext125322433.jpg
Te Suena?,45.99,zł,https://ecsmedia.pl/c/te-suena-p-iext125132254.jpg
Gracias! (En Vivo),45.99,zł,https://ecsmedia.pl/c/gracias-en-vivo-p-iext125332007.jpg
Sin Límites,45.99,zł,https://ecsmedia.pl/c/sin-limites-p-iext125313401.jpg
Tá Copao,45.99,zł,https://ecsmedia.pl/c/ta-copao-p-iext125137605.jpg
Para Que Canten los Niños,45.99,zł,https://ecsmedia.pl/c/para-que-canten-los-ninos-p-iext125309567.jpg
Raza Única,45.99,zł,https://ecsmedia.pl/c/raza-unica-p-iext125402364.jpg
Trula... Mas Vale!,45.99,zł,https://ecsmedia.pl/c/trula-mas-vale-p-iext125313664.jpg
Argentino Y Cordobés,45.99,zł,https://ecsmedia.pl/c/argentino-y-cordobes-p-iext125135060.jpg
Para Vos,45.99,zł,https://ecsmedia.pl/c/para-vos-p-iext125137129.jpg
25 Años Vivo's,45.99,zł,https://ecsmedia.pl/c/25-anos-vivo-s-p-iext125310303.jpg
"Trula 2000, Como Siempre",45.99,zł,https://ecsmedia.pl/c/trula-2000-como-siempre-p-iext125337498.jpg
Para Toda La Vida,45.99,zł,https://ecsmedia.pl/c/para-toda-la-vida-p-iext125138605.jpg
Viva Trula!,45.99,zł,https://ecsmedia.pl/c/viva-trula-p-iext125313358.jpg
Espectacular,45.99,zł,https://ecsmedia.pl/c/espectacular-p-iext125324855.jpg
Trula Lo +,45.99,zł,https://ecsmedia.pl/c/trula-lo-p-iext125133144.jpg
Con la Música en la Sangre,45.99,zł,https://ecsmedia.pl/c/con-la-musica-en-la-sangre-p-iext125322318.jpg
Tu Marca,45.99,zł,https://ecsmedia.pl/c/tu-marca-p-iext125128894.jpg
Las Cosas Cambian,45.99,zł,https://ecsmedia.pl/c/las-cosas-cambian-p-iext125133235.jpg
Trulalazo,45.99,zł,https://ecsmedia.pl/c/trulalazo-p-iext125315163.jpg
Trula Es Mundial,45.99,zł,https://ecsmedia.pl/c/trula-es-mundial-p-iext125135795.jpg
#TrulayNadaMás,58.99,zł,https://ecsmedia.pl/c/trulaynadamas-p-iext125341620.jpg
Un Sentimiento Trulalero,45.99,zł,https://ecsmedia.pl/c/un-sentimiento-trulalero-p-iext125322102.jpg
Especial: Cuarteto en Vivo - Bellas Cumbias,58.99,zł,https://ecsmedia.pl/c/especial-cuarteto-en-vivo-bellas-cumbias-p-iext125328344.jpg
26 Años de Película,58.99,zł,https://ecsmedia.pl/c/26-anos-de-pelicula-p-iext126040537.jpg
De Trula... Lo Mejor,45.99,zł,https://ecsmedia.pl/c/de-trula-lo-mejor-p-iext125309775.jpg
Sometime,5.49,zł,https://ecsmedia.pl/c/sometime-p-iext126195881.jpg
Behind Barz,5.49,zł,https://ecsmedia.pl/c/behind-barz-p-iext126194722.jpg
Live In Paris,57.49,zł,https://ecsmedia.pl/c/live-in-paris-p-iext139900001.jpg
Sing (If You Want It),72,zł,https://ecsmedia.pl/c/sing-if-you-want-it-p-iext96860595.jpg
Sapropelic Pycnic,95.32,zł,https://ecsmedia.pl/c/sapropelic-pycnic-p-iext52498938.jpg
"Muscle Shoals: Small Town, Big Sound",71.99,zł,https://ecsmedia.pl/c/muscle-shoals-small-town-big-sound-p-iext120433076.jpg
Dive/4am,68,zł,https://ecsmedia.pl/c/dive-4am-p-iext122722222.jpg
Whole Again Hooligan,120,zł,https://ecsmedia.pl/c/whole-again-hooligan-p-iext122790889.jpg
Best Of,78,zł,https://ecsmedia.pl/c/best-of-p-iext54605079.jpg
Party Girl,78,zł,https://ecsmedia.pl/c/party-girl-p-iext122811459.jpg
What It Is,121,zł,https://ecsmedia.pl/c/what-it-is-p-iext122790666.jpg
Invasion,77,zł,https://ecsmedia.pl/c/invasion-p-iext122898927.jpg
Kingdem,77,zł,https://ecsmedia.pl/c/kingdem-p-iext122813410.jpg
Microphones & Sofas,73,zł,https://ecsmedia.pl/c/microphones-sofas-p-iext139031233.jpg
Flames & Figures,73,zł,https://ecsmedia.pl/c/flames-figures-p-iext54579533.jpg
Idle Forest Of Chit Chat,72,zł,https://ecsmedia.pl/c/idle-forest-of-chit-chat-p-iext124026386.jpg
Super Baxophone,72,zł,https://ecsmedia.pl/c/super-baxophone-p-iext138846323.jpg
PeteStrumentals 3,335.78,zł,https://ecsmedia.pl/c/petestrumentals-3-p-iext122661404.jpg
Biasonic Hotsauce,55.99,zł,https://ecsmedia.pl/c/biasonic-hotsauce-p-iext54574594.jpg
Guess Słuchawki Bluetooth Gutwst82Tru Tws + Stacja Dokująca Purpurowy/Purple Triangle Logo,196,zł,https://ecsmedia.pl/c/guess-sluchawki-bluetooth-gutwst82tru-tws-stacja-dokujaca-purpurowy-purple-triangle-logo-p-iext139160432.jpg
Tru. Love strory,,zł,https://ecsmedia.pl/c/tru-love-strory-p-iext115640366.jpg
Etenszyn Drimz Kamyn Tru,,zł,https://ecsmedia.pl/c/etenszyn-drimz-kamyn-tru-p-iext114002961.jpg
Muszka Tru-Glo Do Wiatrówki Kandar B-1 B-2 B-3,,zł,https://ecsmedia.pl/c/muszka-tru-glo-do-wiatrowki-kandar-b-1-b-2-b-3-p-iext127640088.jpg
Kolorowanki dla malucha Tru Tu Tuu,,zł,https://ecsmedia.pl/c/kolorowanki-dla-malucha-tru-tu-tuu-p-iext108241239.jpg
Tru,,zł,https://ecsmedia.pl/c/tru-p-iext108279842.jpg
Tru,,zł,https://ecsmedia.pl/c/tru-p-iext21491121.jpg
Starfruit,,zł,https://ecsmedia.pl/c/starfruit-p-iext139035661.jpg
Oczy,,zł,https://ecsmedia.pl/c/oczy-p-iext136452671.jpg
Kwiaciarka,,zł,https://ecsmedia.pl/c/kwiaciarka-p-iext136458637.jpg
Return of the Sp1200,,zł,https://ecsmedia.pl/c/return-of-the-sp1200-p-iext102966483.jpg
Amorine,,zł,https://ecsmedia.pl/c/amorine-p-iext54574622.jpg
